<?xml version="1.0" encoding="UTF-8"?>
<jcr:root xmlns:sling="http://sling.apache.org/jcr/sling/1.0" xmlns:cq="http://www.day.com/jcr/cq/1.0" xmlns:jcr="http://www.jcp.org/jcr/1.0" xmlns:nt="http://www.jcp.org/jcr/nt/1.0"
    jcr:primaryType="cq:Page">
    <jcr:content
        cq:lastModified="{Date}2018-08-19T09:46:14.170-05:00"
        cq:lastModifiedBy="admin"
        cq:template="/apps/sample-zoo-php/@mirror/templates/page/generic"
        jcr:description="Components Rendered in App"
        jcr:primaryType="cq:PageContent"
        jcr:title="Zoo PHP Terrestrial page"
        sling:resourceType="sample-zoo-php/@mirror/components/page/generic"
        aesr.mirror.url="/terrestrial.php">
        <cards jcr:primaryType="nt:unstructured">
            <card0
                jcr:lastModified="{Date}2018-08-19T09:46:14.086-05:00"
                jcr:lastModifiedBy="admin"
                jcr:primaryType="nt:unstructured"
                sling:resourceType="sample-zoo-php/components/common/animalcard"
                description="Panda description&#xd;&#xa;"
                title="Panda">
                <image
                    jcr:lastModified="{Date}2018-08-19T09:46:14.086-05:00"
                    jcr:lastModifiedBy="admin"
                    jcr:primaryType="nt:unstructured"
                    sling:resourceType="foundation/components/image"
                    filePath="/content/sample-zoo-php/terrestrial/jcr:content/cards/card0/image/file"
                    imageRotate="0">
                    <file/>
                </image>
            </card0>
            <card1
                jcr:lastModified="{Date}2018-08-19T09:46:05.670-05:00"
                jcr:lastModifiedBy="admin"
                jcr:primaryType="nt:unstructured"
                sling:resourceType="sample-zoo-php/components/common/animalcard"
                description="Elephant description"
                title="Elephant">
                <image
                    jcr:lastModified="{Date}2018-08-19T09:46:05.670-05:00"
                    jcr:lastModifiedBy="admin"
                    jcr:primaryType="nt:unstructured"
                    sling:resourceType="foundation/components/image"
                    filePath="/content/sample-zoo-php/terrestrial/jcr:content/cards/card1/image/file"
                    imageRotate="0">
                    <file/>
                </image>
            </card1>
        </cards>
        <links jcr:primaryType="nt:unstructured">
            <link0
                jcr:lastModified="{Date}2017-06-21T11:17:11.135-04:00"
                jcr:lastModifiedBy="admin"
                jcr:primaryType="nt:unstructured"
                sling:resourceType="sample-zoo-php/components/common/linkbutton"
                href="./"
                text="Homepage"/>
            <link1
                jcr:lastModified="{Date}2017-08-27T15:41:21.273-04:00"
                jcr:lastModifiedBy="admin"
                jcr:primaryType="nt:unstructured"
                sling:resourceType="sample-zoo-php/components/common/linkbutton"
                href="aquatic.php"
                text="See Aquatic"/>
        </links>
    </jcr:content>
</jcr:root>
