<?xml version="1.0" encoding="UTF-8"?>
<jcr:root xmlns:sling="http://sling.apache.org/jcr/sling/1.0" xmlns:cq="http://www.day.com/jcr/cq/1.0" xmlns:jcr="http://www.jcp.org/jcr/1.0" xmlns:nt="http://www.jcp.org/jcr/nt/1.0"
    jcr:primaryType="cq:Page">
    <jcr:content
        cq:lastModified="{Date}2017-09-19T12:44:23.655-04:00"
        cq:lastModifiedBy="admin"
        cq:template="/apps/sample-zoo-php/@mirror/templates/page/generic"
        jcr:description="Components Rendered in App"
        jcr:primaryType="cq:PageContent"
        jcr:title="Zoo PHP Aquactic page"
        sling:resourceType="sample-zoo-php/@mirror/components/page/generic"
        aesr.mirror.url="/aquatic.php">
        <cards jcr:primaryType="nt:unstructured">
            <card0
                jcr:lastModified="{Date}2017-09-19T12:44:23.076-04:00"
                jcr:lastModifiedBy="admin"
                jcr:primaryType="nt:unstructured"
                sling:resourceType="sample-zoo-php/components/common/animalcard"
                description="&lt;p>Turtle description&lt;/p>&#xa;"
                title="Turtle">
                <image
                    jcr:lastModified="{Date}2017-09-19T12:44:23.076-04:00"
                    jcr:lastModifiedBy="admin"
                    jcr:primaryType="nt:unstructured"
                    sling:resourceType="foundation/components/image"
                    filePath="/content/sample-zoo-php/aquatic/jcr:content/cards/card0/image/file"
                    imageRotate="0">
                    <file/>
                </image>
            </card0>
            <card1
                jcr:lastModified="{Date}2017-08-27T15:48:40.098-04:00"
                jcr:lastModifiedBy="admin"
                jcr:primaryType="nt:unstructured"
                sling:resourceType="sample-zoo-php/components/common/animalcard"
                description="&lt;p>Dolphin description&lt;/p>&#xa;"
                title="Dolphin">
                <image
                    jcr:lastModified="{Date}2017-08-27T15:48:40.098-04:00"
                    jcr:lastModifiedBy="admin"
                    jcr:primaryType="nt:unstructured"
                    sling:resourceType="foundation/components/image"
                    filePath="/content/sample-zoo-php/aquatic/jcr:content/cards/card1/image/file"
                    imageRotate="0">
                    <file/>
                </image>
            </card1>
        </cards>
        <links jcr:primaryType="nt:unstructured">
            <link0
                jcr:lastModified="{Date}2017-06-21T11:15:45.049-04:00"
                jcr:lastModifiedBy="admin"
                jcr:primaryType="nt:unstructured"
                sling:resourceType="sample-zoo-php/components/common/linkbutton"
                href="./"
                text="Homepage"/>
            <link1
                jcr:lastModified="{Date}2017-08-27T15:40:14.381-04:00"
                jcr:lastModifiedBy="admin"
                jcr:primaryType="nt:unstructured"
                sling:resourceType="sample-zoo-php/components/common/linkbutton"
                href="terrestrial.php"
                text="See Terrestrial"/>
        </links>
    </jcr:content>
</jcr:root>
